{"ZymoBIOMICS_genomes":{"Bacillus_subtilis":{"size":4045677,"GC":43.93890070808915},"Enterococcus_faecalis":{"size":2845392,"GC":37.52178961633406},"Escherichia_coli_plasmid":{"size":110007,"GC":46.72339032970629},"Escherichia_coli":{"size":4765434,"GC":50.57961142678715},"Lactobacillus_fermentum":{"size":1905333,"GC":52.2996242651547},"Listeria_monocytogenes":{"size":2992342,"GC":37.95582189468985},"Pseudomonas_aeruginosa":{"size":6792330,"GC":66.17290384890015},"Salmonella_enterica":{"size":4759746,"GC":52.186545248422924},"Staphylococcus_aureus":{"size":2718780,"GC":32.85863512310669},"Staphylococcus_aureus_plasmid1":{"size":6337,"GC":32.681079375098626},"Staphylococcus_aureus_plasmid2":{"size":2216,"GC":29.01624548736462},"Staphylococcus_aureus_plasmid3":{"size":2993,"GC":28.700300701637154}}}